Date,weighted_score_mean,weighted_score_std,weighted_score_min,weighted_score_max,weighted_score_sum,composite_score_mean,composite_score_std,confidence_mean,confidence_min,importance_sum,bullish_signal_sum,bearish_signal_sum,finbert_score_mean,vader_score_mean,keyword_score_mean,Headlines_count,net_sentiment,sentiment_intensity,news_volume,sentiment_range
2023-10-03,-0.1547,0.2194,-0.3623,0.0749,-0.4641,-0.1547,0.2194,0.9221,0.845,3.0,0,2,-0.0262,-0.208,-0.3333,3,-2,0.1547,3,0.43720000000000003
2023-10-04,0.1213,0.203,-0.0995,0.3892,0.4853,0.1213,0.203,0.7852,0.5077,4.0,1,0,0.2236,0.0477,0.0,4,1,0.1213,4,0.4887
2023-10-05,0.0912,0.2207,-0.1875,0.352,0.3646,0.0912,0.2207,0.9096,0.8379,4.0,1,1,0.2302,-0.1198,0.0,4,0,0.0912,4,0.5395
2023-10-06,-0.3358,0.3228,-0.5848,0.029,-1.0074,-0.3358,0.3228,0.8376,0.7548,3.0,0,2,-0.5081,0.0912,-0.3333,3,-2,0.3358,3,0.6138
2023-10-09,-0.2507,,-0.2507,-0.2507,-0.2507,-0.2507,,0.7768,0.7768,1.0,0,1,-0.7139,-0.9686,1.0,1,-1,0.2507,1,0.0
2023-10-10,-0.0104,0.1621,-0.125,0.1041,-0.0209,-0.0104,0.1621,0.5633,0.5299,2.0,0,0,-0.2347,0.5104,0.0161,2,0,0.0104,2,0.2291
2023-10-11,-0.1727,0.2269,-0.3357,0.0864,-0.5182,-0.1727,0.2269,0.9029,0.8289,3.0,0,2,-0.5576,0.5596,-0.0196,3,-2,0.1727,3,0.42210000000000003
2023-10-12,-0.0921,0.3784,-0.5924,0.4376,-0.4603,-0.0921,0.3784,0.8008,0.4827,5.0,1,3,-0.0733,-0.0923,-0.1231,5,-2,0.0921,5,1.03
2023-10-13,-0.0235,0.3346,-0.3601,0.5455,-0.1412,-0.0235,0.3346,0.7153,0.4691,6.0,1,2,-0.3151,0.157,0.3421,6,-1,0.0235,6,0.9056
2023-10-16,-0.0404,0.2514,-0.4289,0.1982,-0.2018,-0.0404,0.2514,0.7334,0.5594,5.0,2,1,-0.015,-0.1643,0.0,5,1,0.0404,5,0.6271
2023-10-17,-0.1561,0.1487,-0.3195,-0.0289,-0.4683,-0.1561,0.1487,0.8228,0.6366,3.0,0,1,-0.3718,-0.3509,0.3333,3,-1,0.1561,3,0.2906
2023-10-18,-0.168,0.2354,-0.4394,-0.018,-0.504,-0.168,0.2354,0.8207,0.7035,3.0,0,1,-0.7019,0.4147,0.3333,3,-1,0.168,3,0.4214
2023-10-19,0.0378,0.4009,-0.2456,0.3213,0.0757,0.0378,0.4009,0.808,0.7533,2.0,1,1,-0.4922,0.6697,0.5,2,0,0.0378,2,0.5669
2023-10-20,-0.2001,0.2347,-0.5509,-0.0556,-0.8003,-0.2001,0.2347,0.9124,0.7714,4.0,0,1,-0.1711,-0.5726,0.0,4,-1,0.2001,4,0.49529999999999996
2023-10-23,-0.1816,0.0576,-0.2224,-0.1409,-0.3632,-0.1816,0.0576,0.8113,0.6676,2.0,0,1,-0.2382,-0.3126,0.0,2,-1,0.1816,2,0.08149999999999999
2023-10-25,-0.0554,0.0859,-0.1438,0.0277,-0.1661,-0.0554,0.0859,0.7502,0.6428,3.0,0,0,-0.4242,0.2837,0.3333,3,0,0.0554,3,0.1715
2023-10-26,0.0245,0.1759,-0.202,0.2084,0.098,0.0245,0.1759,0.873,0.7954,4.0,1,1,-0.2129,-0.0953,0.5,4,0,0.0245,4,0.4104
2023-10-27,0.0409,0.3861,-0.3256,0.4439,0.1227,0.0409,0.3861,0.9038,0.8872,3.0,1,1,-0.2852,0.4176,0.3333,3,0,0.0409,3,0.7695000000000001
2023-10-30,0.0137,0.2659,-0.2949,0.2907,0.0548,0.0137,0.2659,0.7413,0.521,4.0,2,1,0.0437,-0.4157,0.25,4,1,0.0137,4,0.5856
2023-10-31,0.0736,0.3388,-0.3914,0.4197,0.2942,0.0736,0.3388,0.9556,0.9444,4.0,2,1,-0.2371,0.2106,0.5,4,1,0.0736,4,0.8111
2023-11-01,-0.0581,0.1827,-0.2461,0.1837,-0.2906,-0.0581,0.1827,0.7842,0.6212,5.0,1,2,-0.0088,-0.2686,0.0,5,-1,0.0581,5,0.4298
2023-11-02,0.092,0.6528,-0.575,0.7296,0.276,0.092,0.6528,0.9286,0.9177,3.0,1,1,-0.0139,0.4947,0.0,3,0,0.092,3,1.3046
2023-11-03,-0.3549,0.1645,-0.4582,-0.1652,-1.0647,-0.3549,0.1645,0.8833,0.7852,3.0,0,3,-0.3558,0.115,-0.6667,3,-3,0.3549,3,0.293
2023-11-06,-0.3781,0.4824,-0.7191,-0.037,-0.7561,-0.3781,0.4824,0.7966,0.7594,2.0,0,1,-0.4246,-0.0789,-0.5,2,-1,0.3781,2,0.6820999999999999
2023-11-07,-0.0224,0.1271,-0.1391,0.1131,-0.0672,-0.0224,0.1271,0.958,0.9459,3.0,0,0,-0.0128,-0.1514,0.0476,3,0,0.0224,3,0.2522
2023-11-08,-0.0898,0.1337,-0.1843,0.0047,-0.1797,-0.0898,0.1337,0.9696,0.9668,2.0,0,1,0.0047,-0.4608,0.0,2,-1,0.0898,2,0.189
2023-11-09,-0.4178,0.1594,-0.5305,-0.3052,-0.8357,-0.4178,0.1594,0.8201,0.8001,2.0,0,2,-0.7899,0.6357,-0.5,2,-2,0.4178,2,0.22529999999999994
2023-11-10,-0.1212,0.1872,-0.2535,0.0112,-0.2423,-0.1212,0.1872,0.8064,0.6526,2.0,0,1,0.1004,-0.6624,-0.1296,2,-1,0.1212,2,0.2647
2023-11-13,-0.1619,0.3166,-0.4742,0.1589,-0.4858,-0.1619,0.3166,0.8457,0.6181,3.0,1,2,-0.1901,0.1656,-0.3333,3,-1,0.1619,3,0.6331
2023-11-14,0.4099,,0.4099,0.4099,0.4099,0.4099,,0.9041,0.9041,1.0,1,0,-0.0676,0.7184,1.0,1,1,0.4099,1,0.0
2023-11-15,0.1404,0.2788,-0.1576,0.5229,0.7021,0.1404,0.2788,0.7129,0.5791,5.0,3,1,-0.0837,0.5113,0.2667,5,2,0.1404,5,0.6805
2023-11-16,0.0836,0.2291,-0.0556,0.348,0.2508,0.0836,0.2291,0.9241,0.882,3.0,1,0,-0.0503,0.0437,0.3333,3,1,0.0836,3,0.40359999999999996
2023-11-17,-0.1472,0.3156,-0.5259,0.1717,-0.5886,-0.1472,0.3156,0.9281,0.9082,4.0,1,2,-0.4497,0.3884,0.0,4,-1,0.1472,4,0.6976
2023-11-20,-0.0488,0.0295,-0.0696,-0.028,-0.0976,-0.0488,0.0295,0.5556,0.5012,2.0,0,0,-0.447,0.7664,0.0714,2,0,0.0488,2,0.0416
2023-11-21,-0.1104,0.2475,-0.2533,0.1753,-0.3312,-0.1104,0.2475,0.8933,0.8265,3.0,1,2,-0.5657,0.8622,0.0,3,-1,0.1104,3,0.42860000000000004
2023-11-22,0.0987,0.2361,-0.0773,0.4468,0.3949,0.0987,0.2361,0.7989,0.4961,4.0,1,0,-0.0814,0.2684,0.2857,4,1,0.0987,4,0.5241
2023-11-23,-0.0265,0.1426,-0.1308,0.1359,-0.0796,-0.0265,0.1426,0.9642,0.9561,3.0,0,0,-0.0025,-0.6264,0.3333,3,0,0.0265,3,0.2667
2023-11-24,0.0079,0.153,-0.1688,0.0994,0.0236,0.0079,0.153,0.8951,0.8038,3.0,0,1,-0.0429,-0.8535,0.6667,3,-1,0.0079,3,0.2682
2023-11-27,0.0745,0.6263,-0.3683,0.5174,0.149,0.0745,0.6263,0.8664,0.8554,2.0,1,1,0.0376,0.2787,0.0,2,0,0.0745,2,0.8856999999999999
2023-11-28,-0.4026,0.114,-0.5285,-0.2891,-1.6105,-0.4026,0.114,0.8604,0.7215,4.0,0,4,-0.8082,-0.0048,0.0081,4,-4,0.4026,4,0.23939999999999995
2023-11-29,0.0299,0.2813,-0.3338,0.3359,0.1197,0.0299,0.2813,0.904,0.8317,4.0,1,1,-0.0111,0.2583,-0.0539,4,0,0.0299,4,0.6697
2023-11-30,0.0182,0.104,-0.0623,0.1356,0.0545,0.0182,0.104,0.8151,0.7908,3.0,0,0,-0.4734,0.2742,0.6667,3,0,0.0182,3,0.1979
2023-12-01,-0.2022,0.2914,-0.521,0.0503,-0.6065,-0.2022,0.2914,0.8684,0.667,3.0,0,1,-0.212,0.0192,-0.3333,3,-1,0.2022,3,0.5713
2023-12-04,-0.1374,0.3317,-0.438,0.366,-0.8243,-0.1374,0.3317,0.8168,0.4627,6.0,1,3,-0.3247,-0.1252,0.1667,6,-2,0.1374,6,0.804
2023-12-05,-0.0554,0.2323,-0.2688,0.192,-0.1663,-0.0554,0.2323,0.9136,0.8086,3.0,1,1,-0.0162,0.2633,-0.3333,3,0,0.0554,3,0.4608
2023-12-06,0.0909,0.3749,-0.4382,0.4591,0.6365,0.0909,0.3749,0.8783,0.6524,7.0,4,3,0.1817,0.0004,0.0,7,1,0.0909,7,0.8973
2023-12-07,0.1855,0.2471,-0.05,0.4428,0.5564,0.1855,0.2471,0.9062,0.8624,3.0,2,0,0.2531,0.2945,0.0,3,2,0.1855,3,0.4928
2023-12-08,-0.2032,0.2983,-0.5659,0.1116,-1.0162,-0.2032,0.2983,0.8569,0.6085,5.0,0,2,-0.2941,-0.2808,0.0,5,-2,0.2032,5,0.6775
2023-12-11,0.0436,0.093,-0.0628,0.1095,0.1309,0.0436,0.093,0.9606,0.9472,3.0,0,0,0.0011,-0.2845,0.3333,3,0,0.0436,3,0.1723
2023-12-12,0.2766,0.2405,0.1065,0.4467,0.5531,0.2766,0.2405,0.6728,0.4937,2.0,1,0,-0.0486,0.0042,1.0,2,1,0.2766,2,0.3402
2023-12-13,0.1586,0.0342,0.1344,0.1829,0.3173,0.1586,0.0342,0.8564,0.7919,2.0,1,0,0.3716,-0.1358,0.0,2,1,0.1586,2,0.048500000000000015
2023-12-14,-0.1857,0.283,-0.3857,0.0144,-0.3713,-0.1857,0.283,0.78,0.6416,2.0,0,1,-0.7518,-0.1077,0.7059,2,-1,0.1857,2,0.4001
2023-12-15,-0.0274,0.3899,-0.3491,0.4062,-0.0822,-0.0274,0.3899,0.7674,0.5722,3.0,1,1,-0.1714,0.2916,0.0,3,0,0.0274,3,0.7553000000000001
2023-12-18,0.1237,,0.1237,0.1237,0.1237,0.1237,,0.9,0.9,1.0,0,0,-0.0585,-0.7351,1.0,1,0,0.1237,1,0.0
2023-12-19,0.4077,0.2746,0.1173,0.6632,1.2231,0.4077,0.2746,0.8928,0.8055,3.0,2,0,0.6202,-0.0121,0.3333,3,2,0.4077,3,0.5459
2023-12-20,-0.0308,0.4966,-0.382,0.3204,-0.0616,-0.0308,0.4966,0.8115,0.6866,2.0,1,1,-0.5249,0.4084,0.5,2,0,0.0308,2,0.7024
2023-12-21,0.024,0.1656,-0.0931,0.1411,0.048,0.024,0.1656,0.6707,0.3981,2.0,0,0,0.0564,-0.0209,0.0,2,0,0.024,2,0.23420000000000002
2023-12-22,0.3079,0.4455,-0.0071,0.623,0.6158,0.3079,0.4455,0.7652,0.7205,2.0,1,0,-0.1127,0.3214,1.0,2,1,0.3079,2,0.6301
2023-12-26,0.3125,0.2443,0.0322,0.4806,0.9374,0.3125,0.2443,0.92,0.8957,3.0,2,0,-0.0218,0.6168,0.6667,3,2,0.3125,3,0.4484
2023-12-27,-0.233,0.034,-0.257,-0.2089,-0.466,-0.233,0.034,0.7557,0.7,2.0,0,2,-0.648,-0.295,0.5,2,-2,0.233,2,0.048100000000000004
2023-12-28,0.2814,0.3417,0.0397,0.523,0.5628,0.2814,0.3417,0.7867,0.6646,2.0,1,0,0.1093,0.3836,0.5,2,1,0.2814,2,0.4833
2023-12-29,0.0647,0.4794,-0.2742,0.4037,0.1294,0.0647,0.4794,0.8084,0.7719,2.0,1,1,0.3174,-0.4699,0.0,2,0,0.0647,2,0.6779
2024-01-01,0.149,,0.149,0.149,0.149,0.149,,0.952,0.952,1.0,0,0,-0.025,0.8074,0.0,1,0,0.149,1,0.0
2024-01-02,-0.0939,0.1397,-0.1926,0.0049,-0.1877,-0.0939,0.1397,0.9358,0.8997,2.0,0,1,-0.0205,-0.4182,0.0,2,-1,0.0939,2,0.19749999999999998
2024-01-03,-0.1166,0.3323,-0.4131,0.2426,-0.3499,-0.1166,0.3323,0.6356,0.4769,3.0,1,2,-0.3879,-0.1295,0.3441,3,-1,0.1166,3,0.6557000000000001
2024-01-04,0.1072,0.4204,-0.1901,0.4044,0.2144,0.1072,0.4204,0.7586,0.6797,2.0,1,1,0.0789,-0.4112,0.5,2,0,0.1072,2,0.5945
2024-01-05,-0.147,0.2154,-0.2776,0.1016,-0.441,-0.147,0.2154,0.7317,0.57,3.0,0,2,-0.2651,-0.0724,0.0,3,-2,0.147,3,0.3792
2024-01-08,0.1049,,0.1049,0.1049,0.1049,0.1049,,0.9409,0.9409,1.0,0,0,-0.0369,-0.8834,1.0,1,0,0.1049,1,0.0
2024-01-09,0.167,0.2971,-0.043,0.3771,0.3341,0.167,0.2971,0.7681,0.6081,2.0,1,0,0.2688,-0.5868,0.5,2,1,0.167,2,0.4201
2024-01-10,-0.0294,0.1251,-0.1178,0.059,-0.0588,-0.0294,0.1251,0.8146,0.6571,2.0,0,0,-0.141,-0.5446,0.5,2,0,0.0294,2,0.1768
2024-01-11,-0.0959,0.0535,-0.1477,-0.041,-0.2877,-0.0959,0.0535,0.9043,0.8202,3.0,0,0,-0.558,-0.0845,0.6667,3,0,0.0959,3,0.10669999999999999
2024-01-12,0.1615,0.3045,-0.0538,0.3769,0.3231,0.1615,0.3045,0.9396,0.9143,2.0,1,0,-0.4391,0.4054,1.0,2,1,0.1615,2,0.4307
2024-01-15,0.0653,0.0826,0.0068,0.1237,0.1305,0.0653,0.0826,0.8277,0.7385,2.0,0,0,-0.3767,0.518,0.5,2,0,0.0653,2,0.1169
2024-01-16,0.1685,0.4365,-0.3049,0.7037,0.6741,0.1685,0.4365,0.8698,0.7813,4.0,2,1,0.159,-0.131,0.3841,4,1,0.1685,4,1.0086
2024-01-17,0.068,0.1457,-0.0813,0.2098,0.2039,0.068,0.1457,0.9464,0.9201,3.0,1,0,-0.3011,0.0927,0.6667,3,1,0.068,3,0.29109999999999997
2024-01-18,0.4472,0.0317,0.4248,0.4697,0.8944,0.4472,0.0317,0.9175,0.8888,2.0,2,0,0.4167,0.4442,0.5,2,2,0.4472,2,0.044899999999999995
2024-01-19,-0.0383,0.368,-0.4528,0.2502,-0.115,-0.0383,0.368,0.7641,0.4239,3.0,1,1,-0.2699,-0.0168,0.3333,3,0,0.0383,3,0.703
2024-01-23,0.2737,0.2089,0.0374,0.4338,0.821,0.2737,0.2089,0.8356,0.64,3.0,2,0,0.2108,0.3413,0.3333,3,2,0.2737,3,0.39640000000000003
2024-01-24,-0.2543,0.073,-0.3102,-0.1717,-0.7628,-0.2543,0.073,0.9222,0.8834,3.0,0,3,-0.6313,0.307,0.0,3,-3,0.2543,3,0.13849999999999998
2024-01-25,0.0348,0.344,-0.2951,0.3914,0.1044,0.0348,0.344,0.8808,0.8011,3.0,1,1,-0.648,0.7942,0.6667,3,0,0.0348,3,0.6865
2024-01-29,-0.5673,,-0.5673,-0.5673,-0.5673,-0.5673,,0.8991,0.8991,1.0,0,1,-0.8751,-0.6486,0.0,1,-1,0.5673,1,0.0
2024-01-30,0.0088,0.3274,-0.2227,0.2403,0.0177,0.0088,0.3274,0.6529,0.4473,2.0,1,1,-0.0425,-0.5996,0.5,2,0,0.0088,2,0.463
2024-01-31,0.1605,0.3089,-0.2553,0.5119,0.8026,0.1605,0.3089,0.81,0.6649,5.0,3,1,0.0097,0.1783,0.4,5,2,0.1605,5,0.7672000000000001
2024-02-01,0.1654,0.3529,-0.0842,0.4149,0.3308,0.1654,0.3529,0.9229,0.8769,2.0,1,0,-0.0286,0.1485,0.5,2,1,0.1654,2,0.4991
2024-02-02,0.0703,0.3197,-0.164,0.4345,0.2109,0.0703,0.3197,0.7874,0.6554,3.0,1,1,-0.1669,-0.2312,0.6667,3,0,0.0703,3,0.5985
2024-02-05,0.324,,0.324,0.324,0.324,0.324,,0.9652,0.9652,1.0,1,0,-0.0032,0.128,1.0,1,1,0.324,1,0.0
2024-02-06,0.3008,0.2949,0.0287,0.6141,0.9023,0.3008,0.2949,0.8758,0.7777,3.0,2,0,0.2683,0.1596,0.449,3,2,0.3008,3,0.5854
2024-02-07,0.1476,0.346,-0.0971,0.3923,0.2952,0.1476,0.346,0.6913,0.5169,2.0,1,0,0.1867,0.2712,0.0,2,1,0.1476,2,0.4894
2024-02-08,0.2342,0.1067,0.1282,0.3812,0.9367,0.2342,0.1067,0.8235,0.6392,4.0,3,0,0.1042,-0.2146,0.75,4,3,0.2342,4,0.253
2024-02-09,0.3113,0.0253,0.2935,0.3292,0.6227,0.3113,0.0253,0.8679,0.8256,2.0,2,0,0.3438,-0.053,0.5,2,2,0.3113,2,0.03570000000000001
2024-02-12,0.434,,0.434,0.434,0.434,0.434,,0.9316,0.9316,1.0,1,0,-0.0458,0.7845,1.0,1,1,0.434,1,0.0
2024-02-13,0.0517,0.3821,-0.456,0.4324,0.2067,0.0517,0.3821,0.8803,0.7452,4.0,2,1,-0.2733,0.1916,0.5,4,1,0.0517,4,0.8884000000000001
2024-02-14,0.1531,0.2138,0.0019,0.3043,0.3062,0.1531,0.2138,0.8043,0.7707,2.0,1,0,-0.0399,0.1153,0.5,2,1,0.1531,2,0.3024
2024-02-15,0.1821,0.3182,-0.2704,0.4555,0.7283,0.1821,0.3182,0.8571,0.7015,4.0,3,1,-0.0625,0.3168,0.5,4,2,0.1821,4,0.7259
2024-02-16,0.0316,0.1003,-0.0393,0.1025,0.0632,0.0316,0.1003,0.7971,0.7112,2.0,0,0,0.0288,-0.6642,0.5,2,0,0.0316,2,0.14179999999999998
2024-02-19,0.4388,,0.4388,0.4388,0.4388,0.4388,,0.9516,0.9516,1.0,1,0,-0.0256,0.7579,1.0,1,1,0.4388,1,0.0
2024-02-20,0.1723,0.4794,-0.1667,0.5113,0.3446,0.1723,0.4794,0.8305,0.81,2.0,1,1,0.2993,-0.6369,0.5,2,0,0.1723,2,0.6779999999999999
2024-02-21,0.145,0.2876,-0.1671,0.3993,0.4351,0.145,0.2876,0.8881,0.7958,3.0,2,1,0.2524,-0.4058,0.3333,3,1,0.145,3,0.5664
2024-02-22,0.2468,0.2085,0.0994,0.3943,0.4937,0.2468,0.2085,0.9073,0.878,2.0,1,0,0.376,-0.4558,0.5,2,1,0.2468,2,0.2949
2024-02-23,0.102,0.0665,0.055,0.1491,0.204,0.102,0.0665,0.8266,0.6872,2.0,0,0,-0.1302,-0.6646,1.0,2,0,0.102,2,0.09410000000000002
2024-02-26,0.2956,,0.2956,0.2956,0.2956,0.2956,,0.9401,0.9401,1.0,1,0,-0.008,-0.0018,1.0,1,1,0.2956,1,0.0
2024-02-27,0.3652,0.0694,0.3162,0.4143,0.7305,0.3652,0.0694,0.739,0.6159,2.0,2,0,0.2601,0.426,0.5,2,2,0.3652,2,0.09810000000000002
2024-02-28,0.2856,0.0878,0.2235,0.3477,0.5713,0.2856,0.0878,0.8942,0.8704,2.0,2,0,0.4367,-0.4136,0.5,2,2,0.2856,2,0.1242
2024-02-29,0.1377,0.1948,-0.0936,0.3513,0.6884,0.1377,0.1948,0.8385,0.4772,5.0,2,0,-0.1124,0.036,0.6222,5,2,0.1377,5,0.4449
2024-03-01,-0.1328,0.1348,-0.2281,-0.0375,-0.2656,-0.1328,0.1348,0.8078,0.7021,2.0,0,1,-0.6541,0.2212,0.5,2,-1,0.1328,2,0.1906
2024-03-04,0.1652,0.3063,-0.1476,0.5231,0.661,0.1652,0.3063,0.8262,0.7345,4.0,2,0,0.174,0.3912,0.0,4,2,0.1652,4,0.6707000000000001
2024-03-05,-0.0618,0.2849,-0.2633,0.1396,-0.1237,-0.0618,0.2849,0.9339,0.9037,2.0,0,1,-0.4154,-0.0207,0.5,2,-1,0.0618,2,0.4029
2024-03-06,0.1967,0.0899,0.1332,0.2603,0.3935,0.1967,0.0899,0.8445,0.7895,2.0,1,0,-0.0733,-0.3332,1.0,2,1,0.1967,2,0.12709999999999996
2024-03-07,-0.2455,0.244,-0.4737,0.0117,-0.7366,-0.2455,0.244,0.8654,0.8244,3.0,0,2,-0.5015,0.0259,0.0,3,-2,0.2455,3,0.4854
2024-03-08,-0.0359,0.4548,-0.3737,0.4812,-0.1078,-0.0359,0.4548,0.7313,0.5211,3.0,1,2,-0.1977,0.3146,0.0,3,-1,0.0359,3,0.8549
2024-03-11,0.3087,0.3699,-0.1133,0.5764,0.926,0.3087,0.3699,0.79,0.519,3.0,2,0,0.4524,-0.0875,0.3333,3,2,0.3087,3,0.6897
2024-03-12,0.0411,0.3237,-0.2357,0.4977,0.1644,0.0411,0.3237,0.8584,0.7153,4.0,1,1,-0.2967,0.1972,0.5,4,0,0.0411,4,0.7333999999999999
2024-03-13,0.0365,0.0066,0.0319,0.0411,0.073,0.0365,0.0066,0.8056,0.6455,2.0,0,0,-0.1531,-0.1848,0.5,2,0,0.0365,2,0.0092
2024-03-14,0.1373,0.1301,0.0414,0.2854,0.4118,0.1373,0.1301,0.5907,0.5242,3.0,1,0,-0.2413,0.2896,0.6667,3,1,0.1373,3,0.244
2024-03-15,0.3307,0.1303,0.2386,0.4228,0.6614,0.3307,0.1303,0.9292,0.8982,2.0,2,0,0.4206,-0.148,0.5,2,2,0.3307,2,0.1842
2024-03-18,-0.4875,,-0.4875,-0.4875,-0.4875,-0.4875,,0.8071,0.8071,1.0,0,1,-0.7708,-0.5106,0.0,1,-1,0.4875,1,0.0
2024-03-19,0.275,0.5917,-0.1434,0.6933,0.5499,0.275,0.5917,0.9279,0.9268,2.0,1,0,0.4366,-0.4226,0.4706,2,1,0.275,2,0.8367
2024-03-20,0.0772,0.0401,0.0489,0.1056,0.1544,0.0772,0.0401,0.7352,0.6373,2.0,0,0,-0.0629,-0.2066,0.5,2,0,0.0772,2,0.0567
2024-03-21,-0.0316,0.3805,-0.416,0.4263,-0.1266,-0.0316,0.3805,0.759,0.5153,4.0,1,2,-0.176,-0.4682,0.5,4,-1,0.0316,4,0.8423
2024-03-22,-0.0012,0.0126,-0.0101,0.0078,-0.0023,-0.0012,0.0126,0.8205,0.755,2.0,0,0,-0.1043,0.2549,0.0,2,0,0.0012,2,0.0179
2024-03-26,-0.1478,0.2562,-0.3289,0.0334,-0.2955,-0.1478,0.2562,0.7273,0.6538,2.0,0,1,-0.5255,-0.175,0.5,2,-1,0.1478,2,0.3623
2024-03-27,-0.0015,0.0145,-0.0118,0.0087,-0.003,-0.0015,0.0145,0.8101,0.6521,2.0,0,0,-0.1419,-0.4029,0.5,2,0,0.0015,2,0.020499999999999997
2024-03-28,-0.1249,0.1575,-0.2809,0.0854,-0.4994,-0.1249,0.1575,0.8466,0.5538,4.0,0,2,-0.2805,-0.298,0.25,4,-2,0.1249,4,0.36629999999999996
2024-04-01,0.0978,,0.0978,0.0978,0.0978,0.0978,,0.8231,0.8231,1.0,0,0,-0.7875,0.9578,1.0,1,0,0.0978,1,0.0
2024-04-02,0.3101,0.2909,0.1044,0.5158,0.6202,0.3101,0.2909,0.7432,0.5787,2.0,1,0,0.2266,0.234,0.5,2,1,0.3101,2,0.41140000000000004
2024-04-03,0.2531,0.285,0.0515,0.4546,0.5062,0.2531,0.285,0.9438,0.9421,2.0,1,0,0.4425,0.1591,0.0,2,1,0.2531,2,0.4031
2024-04-04,0.2143,0.3401,-0.0262,0.4547,0.4285,0.2143,0.3401,0.9118,0.8869,2.0,1,0,0.0332,0.2384,0.5,2,1,0.2143,2,0.4809
2024-04-05,-0.0712,0.3366,-0.4371,0.3462,-0.4273,-0.0712,0.3366,0.8484,0.7333,6.0,2,3,-0.3484,0.2649,0.1667,6,-1,0.0712,6,0.7833
2024-04-08,0.137,,0.137,0.137,0.137,0.137,,0.7356,0.7356,1.0,0,0,-0.698,0.93,1.0,1,0,0.137,1,0.0
2024-04-09,-0.0486,0.0319,-0.0711,-0.026,-0.0972,-0.0486,0.0319,0.8615,0.7781,2.0,0,0,-0.8035,0.2658,1.0,2,0,0.0486,2,0.0451
2024-04-10,0.2568,0.2295,-0.1411,0.4286,1.284,0.2568,0.2295,0.8573,0.7413,5.0,4,0,0.1085,0.1127,0.6,5,4,0.2568,5,0.5697
2024-04-12,0.0205,0.4933,-0.5138,0.7477,0.1024,0.0205,0.4933,0.8514,0.751,5.0,2,2,-0.0429,-0.3902,0.4,5,0,0.0205,5,1.2615
2024-04-15,0.0716,0.3913,-0.1921,0.5212,0.2148,0.0716,0.3913,0.7789,0.7271,3.0,1,1,0.0642,0.1973,0.0,3,0,0.0716,3,0.7133
2024-04-16,-0.1418,0.4733,-0.5543,0.4059,-0.5672,-0.1418,0.4733,0.8941,0.8518,4.0,1,2,-0.3951,-0.0964,0.25,4,-1,0.1418,4,0.9601999999999999
2024-04-18,-0.1569,0.2538,-0.3952,0.1671,-0.6276,-0.1569,0.2538,0.8364,0.7512,4.0,1,2,-0.5729,-0.1022,0.5,4,-1,0.1569,4,0.5623
2024-04-19,0.0152,0.2246,-0.2427,0.4205,0.0909,0.0152,0.2246,0.7613,0.6124,6.0,1,1,-0.095,0.0633,0.1667,6,0,0.0152,6,0.6632
2024-04-22,-0.2911,,-0.2911,-0.2911,-0.2911,-0.2911,,0.5938,0.5938,1.0,0,1,-0.3424,-0.5994,0.0,1,-1,0.2911,1,0.0
2024-04-23,-0.1251,0.1479,-0.3148,0.0396,-0.5003,-0.1251,0.1479,0.9227,0.8099,4.0,0,1,-0.2636,-0.3415,0.25,4,-1,0.1251,4,0.35440000000000005
2024-04-24,0.1479,0.4746,-0.1877,0.4835,0.2958,0.1479,0.4746,0.6876,0.6183,2.0,1,1,0.1996,-0.5095,0.5,2,0,0.1479,2,0.6712
2024-04-25,0.2885,0.337,-0.044,0.7486,1.4427,0.2885,0.337,0.8012,0.6887,5.0,2,0,0.0493,0.4194,0.6,5,2,0.2885,5,0.7926000000000001
2024-04-26,-0.0447,0.4378,-0.412,0.4397,-0.1341,-0.0447,0.4378,0.8955,0.8708,3.0,1,2,-0.5966,0.2679,0.6667,3,-1,0.0447,3,0.8516999999999999
2024-04-29,0.4026,0.4281,-0.0793,0.8935,1.6104,0.4026,0.4281,0.7158,0.5056,4.0,3,0,0.3683,-0.0328,0.75,4,3,0.4026,4,0.9728
2024-04-30,0.1164,0.5271,-0.2563,0.4891,0.2328,0.1164,0.5271,0.9144,0.9021,2.0,1,1,-0.0289,0.6544,0.0,2,0,0.1164,2,0.7454
2024-05-01,0.4595,0.387,0.1858,0.7331,0.9189,0.4595,0.387,0.7793,0.7141,2.0,2,0,0.41,-0.2276,1.0,2,2,0.4595,2,0.5473
2024-05-02,-0.3,0.2828,-0.5,-0.1,-0.6,-0.3,0.2828,0.6003,0.496,2.0,0,1,-0.1341,0.3352,-1.0,2,-1,0.3,2,0.4
2024-05-03,0.1608,0.2705,-0.1286,0.4074,0.4825,0.1608,0.2705,0.804,0.6131,3.0,2,0,-0.1476,0.1731,0.6667,3,2,0.1608,3,0.536
2024-05-06,-0.2983,,-0.2983,-0.2983,-0.2983,-0.2983,,0.9214,0.9214,1.0,0,1,-0.8906,-0.765,1.0,1,-1,0.2983,1,0.0
2024-05-07,-0.2063,0.1685,-0.3943,-0.0686,-0.6189,-0.2063,0.1685,0.8047,0.6234,3.0,0,2,-0.7396,-0.1825,0.6667,3,-2,0.2063,3,0.3257
2024-05-08,-0.1691,0.1256,-0.2579,-0.0803,-0.3382,-0.1691,0.1256,0.9608,0.9483,2.0,0,1,-0.0039,-0.0857,-0.5,2,-1,0.1691,2,0.17760000000000004
2024-05-09,0.0568,0.2099,-0.0917,0.2052,0.1135,0.0568,0.2099,0.9278,0.894,2.0,1,0,-0.0342,-0.3808,0.5,2,1,0.0568,2,0.2969
2024-05-10,-0.1955,0.199,-0.3887,0.0088,-0.5865,-0.1955,0.199,0.9481,0.9348,3.0,0,2,-0.6047,0.0343,0.3333,3,-2,0.1955,3,0.39749999999999996
2024-05-13,0.2387,0.3081,-0.0273,0.5763,0.7162,0.2387,0.3081,0.9,0.7785,3.0,2,0,0.1926,0.0259,0.4575,3,2,0.2387,3,0.6036
2024-05-14,0.1968,0.1122,0.1174,0.2761,0.3935,0.1968,0.1122,0.6634,0.488,2.0,1,0,0.1334,-0.0998,0.5,2,1,0.1968,2,0.1587
2024-05-15,-0.1099,0.188,-0.2952,0.0807,-0.3298,-0.1099,0.188,0.832,0.7403,3.0,0,1,-0.7938,0.4347,0.6667,3,-1,0.1099,3,0.3759
2024-05-16,0.2017,0.3356,-0.0356,0.439,0.4035,0.2017,0.3356,0.8552,0.7972,2.0,1,0,0.0535,0.125,0.5,2,1,0.2017,2,0.4746
2024-05-17,-0.1973,0.3629,-0.4539,0.0593,-0.3946,-0.1973,0.3629,0.8593,0.7768,2.0,0,1,-0.5444,-0.3753,0.5,2,-1,0.1973,2,0.5132
2024-05-20,0.226,0.3964,-0.2313,0.473,0.678,0.226,0.3964,0.822,0.7118,3.0,2,1,0.1496,0.756,0.0,3,1,0.226,3,0.7042999999999999
2024-05-21,0.2529,0.0809,0.1957,0.3102,0.5059,0.2529,0.0809,0.8669,0.7895,2.0,2,0,0.3649,-0.3974,0.5,2,2,0.2529,2,0.11449999999999996
2024-05-22,-0.2477,0.2955,-0.4458,0.0919,-0.743,-0.2477,0.2955,0.9154,0.8764,3.0,0,2,-0.6365,-0.1471,0.3333,3,-2,0.2477,3,0.5377
2024-05-23,0.0015,0.313,-0.2767,0.4509,0.0061,0.0015,0.313,0.9226,0.834,4.0,1,1,-0.2156,0.1717,0.25,4,0,0.0015,4,0.7276
2024-05-24,0.3628,0.331,0.1287,0.5968,0.7256,0.3628,0.331,0.8641,0.7664,2.0,1,0,0.291,-0.4136,1.0,2,1,0.3628,2,0.46809999999999996
2024-05-27,0.0269,,0.0269,0.0269,0.0269,0.0269,,0.5828,0.5828,1.0,0,0,-0.3175,-0.5719,1.0,1,0,0.0269,1,0.0
2024-05-28,0.085,0.4953,-0.2652,0.4352,0.17,0.085,0.4953,0.8571,0.8098,2.0,1,1,0.0538,-0.4593,0.5,2,0,0.085,2,0.7003999999999999
2024-05-29,-0.1443,0.2576,-0.3264,0.0378,-0.2887,-0.1443,0.2576,0.7246,0.513,2.0,0,1,-0.6606,0.1798,0.5,2,-1,0.1443,2,0.3642
2024-05-30,-0.1831,0.0934,-0.2491,-0.1171,-0.3661,-0.1831,0.0934,0.7669,0.5634,2.0,0,1,-0.2639,-0.2557,0.0,2,-1,0.1831,2,0.132
2024-05-31,0.1131,0.0884,0.0115,0.1726,0.3394,0.1131,0.0884,0.8478,0.6362,3.0,2,0,-0.3551,-0.0466,1.0,3,2,0.1131,3,0.1611
2024-06-03,0.0645,,0.0645,0.0645,0.0645,0.0645,,0.5254,0.5254,1.0,0,0,-0.4862,0.0383,1.0,1,0,0.0645,1,0.0
2024-06-04,-0.0115,,-0.0115,-0.0115,-0.0115,-0.0115,,0.9729,0.9729,1.0,0,0,0.008,-0.0772,0.0,1,0,0.0115,1,0.0
2024-06-05,0.1466,,0.1466,0.1466,0.1466,0.1466,,0.969,0.969,1.0,0,0,-0.0009,-0.765,1.0,1,0,0.1466,1,0.0
2024-06-06,0.0075,0.3967,-0.4282,0.5323,0.1046,0.0075,0.3967,0.8492,0.5633,14.0,5,7,-0.1706,0.3568,0.0714,14,-2,0.0075,14,0.9605
2024-06-07,0.1391,0.204,-0.1873,0.6036,1.2517,0.1391,0.204,0.8851,0.7504,9.0,3,1,0.0517,0.3995,0.1111,9,2,0.1391,9,0.7909
2024-06-10,0.3271,0.2675,-0.1412,0.5821,4.2524,0.3271,0.2675,0.8044,0.5727,13.0,10,0,0.363,0.3819,0.2308,13,10,0.3271,13,0.7232999999999999
2024-06-11,0.1838,0.1103,0.1131,0.3453,0.7352,0.1838,0.1103,0.8761,0.7243,4.0,2,0,0.122,0.2392,0.25,4,2,0.1838,4,0.2322
2024-06-12,0.4495,0.1006,0.3044,0.5331,1.7981,0.4495,0.1006,0.8665,0.8202,4.0,4,0,0.5437,0.5132,0.25,4,4,0.4495,4,0.22870000000000001
2024-06-13,0.2038,0.3445,-0.1536,0.7935,2.8537,0.2038,0.3445,0.7999,0.5108,14.0,6,1,0.1038,0.29,0.3132,14,5,0.2038,14,0.9470999999999999
2024-06-14,0.2303,0.3809,-0.288,0.5623,1.1516,0.2303,0.3809,0.8962,0.8498,5.0,3,1,0.2968,0.4097,0.0,5,2,0.2303,5,0.8503000000000001
2024-06-17,0.3966,0.0381,0.3697,0.4235,0.7932,0.3966,0.0381,0.8287,0.8012,2.0,2,0,0.6979,0.2384,0.0,2,2,0.3966,2,0.053800000000000014
2024-06-18,-0.3519,,-0.3519,-0.3519,-0.3519,-0.3519,,0.4851,0.4851,1.0,0,1,-0.4345,-0.6736,0.0,1,-1,0.3519,1,0.0
2024-06-19,0.2858,0.3961,-0.3212,0.6083,1.7146,0.2858,0.3961,0.8471,0.6364,6.0,4,1,0.3343,0.343,0.1667,6,3,0.2858,6,0.9295
2024-06-20,0.1844,0.3818,-0.2887,0.611,2.581,0.1844,0.3818,0.8063,0.486,14.0,7,5,0.1931,0.3319,0.0714,14,2,0.1844,14,0.8996999999999999
2024-06-21,0.4973,0.1951,0.0227,0.6279,4.4758,0.4973,0.1951,0.9096,0.8749,9.0,8,0,0.6567,0.6782,0.1111,9,8,0.4973,9,0.6052
2024-06-24,0.3497,0.1538,0.1494,0.582,1.7484,0.3497,0.1538,0.9231,0.8395,5.0,4,0,0.6763,-0.2422,0.2,5,4,0.3497,5,0.4326
2024-06-25,0.1697,0.1733,-0.1172,0.4826,2.2061,0.1697,0.1733,0.7605,0.4404,13.0,8,0,0.0851,0.0587,0.3846,13,8,0.1697,13,0.5998
2024-06-26,0.5026,0.2488,0.0615,0.6686,2.5131,0.5026,0.2488,0.8612,0.6719,5.0,4,0,0.5969,0.3054,0.4769,5,4,0.5026,5,0.6071
2024-06-27,0.3333,0.1493,0.1617,0.434,0.9998,0.3333,0.1493,0.8409,0.7057,3.0,3,0,0.4097,0.1421,0.3333,3,3,0.3333,3,0.2723
2024-06-28,0.1576,0.1437,-0.0002,0.3667,0.9454,0.1576,0.1437,0.8365,0.7339,6.0,3,0,0.0546,0.1514,0.3333,6,3,0.1576,6,0.3669
2024-07-01,0.4309,0.2138,0.1443,0.6209,3.4471,0.4309,0.2138,0.8737,0.4647,8.0,7,0,0.5027,0.7101,0.125,8,7,0.4309,8,0.4766
2024-07-02,0.2384,0.2585,-0.0433,0.4579,0.9538,0.2384,0.2585,0.7055,0.5282,4.0,2,0,0.3501,-0.0581,0.25,4,2,0.2384,4,0.5012
2024-07-03,0.2438,0.1673,0.104,0.4528,1.2191,0.2438,0.1673,0.7981,0.6264,5.0,2,0,0.4443,-0.1917,0.2,5,2,0.2438,5,0.3488
2024-07-04,0.1285,0.2789,-0.2748,0.3379,0.5139,0.1285,0.2789,0.8608,0.6204,4.0,3,1,-0.0876,0.4864,0.25,4,2,0.1285,4,0.6127
2024-07-05,0.1905,0.3304,-0.2498,0.5665,1.5237,0.1905,0.3304,0.7818,0.6464,8.0,5,2,-0.0144,0.6133,0.25,8,3,0.1905,8,0.8163
2024-07-08,0.3082,0.2287,-0.0275,0.6085,3.3899,0.3082,0.2287,0.9041,0.7549,11.0,7,0,0.5031,0.1468,0.0909,11,7,0.3082,11,0.636
2024-07-09,-0.0072,0.3257,-0.5008,0.4341,-0.0651,-0.0072,0.3257,0.8947,0.7578,9.0,2,3,-0.0615,-0.049,0.1111,9,-1,0.0072,9,0.9349000000000001
2024-07-10,0.0758,0.4522,-0.3972,0.5085,0.4549,0.0758,0.4522,0.905,0.8523,6.0,3,3,0.0477,0.0098,0.1667,6,0,0.0758,6,0.9057
2024-07-11,0.3206,0.1713,0.1532,0.5084,1.9236,0.3206,0.1713,0.9496,0.9253,6.0,6,0,0.2935,0.3692,0.3333,6,6,0.3206,6,0.35519999999999996
2024-07-12,0.3218,0.3234,-0.4585,0.7322,4.1828,0.3218,0.3234,0.7121,0.4468,13.0,9,1,0.2879,0.5429,0.2308,13,8,0.3218,13,1.1907
2024-07-15,0.5124,0.2566,-0.1217,0.6172,4.0996,0.5124,0.2566,0.934,0.9197,8.0,7,0,0.7806,0.6106,0.0,8,7,0.5124,8,0.7389
2024-07-16,0.2017,0.3985,-0.5119,0.6041,2.6225,0.2017,0.3985,0.8315,0.35,13.0,7,3,0.3546,0.0068,0.0769,13,4,0.2017,13,1.116
2024-07-17,0.1777,0.1996,-0.0537,0.4456,1.9551,0.1777,0.1996,0.9043,0.7312,11.0,4,0,0.2457,0.1381,0.0909,11,4,0.1777,11,0.49929999999999997
2024-07-18,-0.0296,0.267,-0.4106,0.1892,-0.1778,-0.0296,0.267,0.7999,0.5634,6.0,1,2,-0.1378,-0.3036,0.3333,6,-1,0.0296,6,0.5998
2024-07-19,0.3103,0.1824,0.157,0.6006,1.5516,0.3103,0.1824,0.8571,0.7109,5.0,5,0,0.3,0.5015,0.2,5,5,0.3103,5,0.4436
2024-07-22,0.0266,0.4139,-0.4673,0.5826,0.1865,0.0266,0.4139,0.7741,0.521,7.0,2,3,0.0498,0.0088,0.0,7,-1,0.0266,7,1.0499
2024-07-23,0.1635,0.2892,-0.4511,0.5784,3.4334,0.1635,0.2892,0.8065,0.3678,21.0,11,3,0.1552,0.2153,0.1429,21,8,0.1635,21,1.0295
2024-07-24,0.2701,0.3082,-0.1809,0.6192,2.9709,0.2701,0.3082,0.8866,0.706,11.0,7,2,0.4419,-0.0271,0.1818,11,5,0.2701,11,0.8001
2024-07-25,0.2035,0.2964,-0.2484,0.6041,4.0701,0.2035,0.2964,0.8771,0.6487,20.0,10,2,0.3029,0.0353,0.15,20,8,0.2035,20,0.8525
2024-07-26,0.2461,0.3659,-0.2924,0.619,2.4606,0.2461,0.3659,0.8531,0.5484,10.0,6,2,0.0916,0.4013,0.4,10,4,0.2461,10,0.9114
2024-07-29,0.2878,0.3238,-0.1927,0.6001,2.3023,0.2878,0.3238,0.8306,0.5909,8.0,5,1,0.3946,0.265,0.125,8,4,0.2878,8,0.7928
2024-07-30,0.3992,0.258,-0.1437,0.599,2.7945,0.3992,0.258,0.8872,0.725,7.0,6,0,0.5386,0.4353,0.1429,7,6,0.3992,7,0.7426999999999999
2024-07-31,0.1657,0.3284,-0.282,0.5955,1.9879,0.1657,0.3284,0.9109,0.8422,12.0,4,2,-0.1604,0.4792,0.5,12,2,0.1657,12,0.8775
2024-08-01,0.3993,0.2859,-0.0549,0.6192,2.7951,0.3993,0.2859,0.8371,0.4965,7.0,5,0,0.4698,0.3935,0.2857,7,5,0.3993,7,0.6740999999999999
2024-08-02,0.1755,0.3098,-0.3569,0.8668,2.1058,0.1755,0.3098,0.7721,0.4924,12.0,4,1,0.1364,-0.0887,0.4167,12,3,0.1755,12,1.2237
2024-08-05,0.1495,0.2714,-0.1338,0.457,1.0467,0.1495,0.2714,0.8389,0.6091,7.0,3,0,0.3192,-0.2646,0.1429,7,3,0.1495,7,0.5908
2024-08-06,0.0549,0.4414,-0.5844,0.5803,0.4939,0.0549,0.4414,0.8173,0.5204,9.0,5,3,0.0051,-0.0718,0.2222,9,2,0.0549,9,1.1647
2024-08-07,0.109,0.4095,-0.3742,0.7191,0.9813,0.109,0.4095,0.7819,0.5234,9.0,3,3,0.0111,-0.0493,0.3778,9,0,0.109,9,1.0933
2024-08-08,-0.0915,0.1905,-0.3498,0.3085,-0.8231,-0.0915,0.1905,0.809,0.6344,9.0,1,3,-0.4163,0.0836,0.3333,9,-2,0.0915,9,0.6583
2024-08-09,0.3119,0.3493,-0.2171,0.6022,2.4954,0.3119,0.3493,0.8695,0.6988,8.0,5,1,0.408,0.352,0.125,8,4,0.3119,8,0.8192999999999999
2024-08-12,0.2692,0.4253,-0.5364,0.6288,3.5001,0.2692,0.4253,0.8259,0.693,13.0,9,4,0.327,0.1825,0.2308,13,5,0.2692,13,1.1652
2024-08-13,0.3216,0.305,-0.0693,0.6135,2.573,0.3216,0.305,0.8854,0.612,8.0,5,0,0.362,0.3282,0.25,8,5,0.3216,8,0.6828000000000001
2024-08-14,0.3085,0.4049,-0.5305,0.7426,3.394,0.3085,0.4049,0.8339,0.5702,11.0,8,2,0.3518,0.2543,0.2727,11,6,0.3085,11,1.2731
2024-08-15,0.1052,0.0627,0.0608,0.1496,0.2104,0.1052,0.0627,0.7587,0.5497,2.0,0,0,-0.1989,0.2732,0.5,2,0,0.1052,2,0.08880000000000002
2024-08-16,0.1278,0.357,-0.2991,0.5818,1.6612,0.1278,0.357,0.8082,0.6306,13.0,5,5,-0.0324,0.3738,0.2308,13,0,0.1278,13,0.8809
2024-08-19,-0.0241,0.2221,-0.2454,0.3847,-0.1688,-0.0241,0.2221,0.7986,0.4161,7.0,1,3,-0.1606,0.0666,0.1429,7,-2,0.0241,7,0.6301
2024-08-20,-0.0169,0.2886,-0.3786,0.6052,-0.1521,-0.0169,0.2886,0.7704,0.512,9.0,1,2,-0.1258,-0.1032,0.2222,9,-1,0.0169,9,0.9838
2024-08-21,0.144,0.2693,-0.2641,0.3993,1.152,0.144,0.2693,0.8496,0.7398,8.0,5,2,-0.1678,0.202,0.625,8,3,0.144,8,0.6634
2024-08-22,0.1967,0.269,-0.2713,0.5602,3.5413,0.1967,0.269,0.8643,0.5106,18.0,9,3,0.1012,0.3973,0.2222,18,6,0.1967,18,0.8315
2024-08-23,0.2941,0.2772,-0.0507,0.7297,3.2354,0.2941,0.2772,0.8147,0.5445,11.0,8,0,0.1531,0.2503,0.5584,11,8,0.2941,11,0.7804
2024-08-26,0.0651,0.3626,-0.4375,0.4724,0.5862,0.0651,0.3626,0.8065,0.529,9.0,4,3,-0.2659,0.3238,0.4444,9,1,0.0651,9,0.9098999999999999
2024-08-27,0.2039,0.3583,-0.3853,0.5942,2.8552,0.2039,0.3583,0.8911,0.6511,14.0,9,3,0.1025,0.2277,0.3571,14,6,0.2039,14,0.9794999999999999
2024-08-28,0.0359,0.2505,-0.4565,0.3628,0.3944,0.0359,0.2505,0.7585,0.4174,11.0,4,3,0.0217,-0.0114,0.0909,11,1,0.0359,11,0.8193
2024-08-29,0.3112,0.3719,-0.435,0.734,4.045,0.3112,0.3719,0.8859,0.7074,13.0,7,1,0.2996,0.4605,0.2308,13,6,0.3112,13,1.169
2024-08-30,0.1632,0.2972,-0.3216,0.734,2.2842,0.1632,0.2972,0.7858,0.5076,14.0,7,2,0.1178,-0.0145,0.3571,14,5,0.1632,14,1.0556
2024-09-02,0.3058,0.2336,-0.1511,0.5931,5.1993,0.3058,0.2336,0.8998,0.6171,17.0,12,1,0.6364,-0.15,0.0588,17,11,0.3058,17,0.7442
2024-09-03,0.1397,0.2848,-0.2152,0.5421,1.9563,0.1397,0.2848,0.8568,0.5956,14.0,6,2,0.2093,-0.0389,0.1429,14,4,0.1397,14,0.7573000000000001
2024-09-04,0.294,0.205,-0.1209,0.5119,3.2335,0.294,0.205,0.8944,0.6562,11.0,8,0,0.4672,-0.0055,0.2049,11,8,0.294,11,0.6328
2024-09-05,0.2533,0.3376,-0.2917,0.5937,4.0535,0.2533,0.3376,0.8631,0.5082,16.0,10,3,0.3416,0.319,0.0625,16,7,0.2533,16,0.8854
2024-09-06,0.058,0.2689,-0.4694,0.3606,0.5802,0.058,0.2689,0.871,0.6501,10.0,4,2,0.0816,0.086,0.0,10,2,0.058,10,0.83
2024-09-09,0.1886,0.3158,-0.0504,0.734,0.9431,0.1886,0.3158,0.6958,0.5636,5.0,2,0,-0.0156,0.082,0.6,5,2,0.1886,5,0.7844
2024-09-10,0.2783,0.3007,-0.3011,0.5936,3.6179,0.2783,0.3007,0.8417,0.5914,13.0,9,2,0.2138,0.3955,0.3077,13,7,0.2783,13,0.8947
2024-09-11,0.2207,0.3374,-0.2324,0.7906,4.4141,0.2207,0.3374,0.8469,0.6311,20.0,8,1,-0.1062,0.619,0.5,20,7,0.2207,20,1.023
2024-09-12,0.0643,0.3354,-0.4847,0.56,1.5428,0.0643,0.3354,0.8157,0.5425,24.0,10,8,0.0163,0.1557,0.0833,24,2,0.0643,24,1.0447000000000002
2024-09-13,0.2239,0.3049,-0.3107,0.5913,4.0303,0.2239,0.3049,0.8575,0.6606,18.0,12,4,0.027,0.4688,0.3889,18,8,0.2239,18,0.902
2024-09-16,0.1452,0.3326,-0.5061,0.5083,3.0502,0.1452,0.3326,0.8162,0.5022,21.0,11,4,0.1741,0.1482,0.0952,21,7,0.1452,21,1.0144
2024-09-17,0.1192,0.4714,-0.5595,0.857,1.3112,0.1192,0.4714,0.9045,0.798,11.0,5,5,-0.0613,0.2038,0.3636,11,0,0.1192,11,1.4165
2024-09-18,0.2463,0.3658,-0.4753,0.6411,2.7096,0.2463,0.3658,0.9146,0.7857,11.0,7,2,0.3064,0.5631,-0.0649,11,5,0.2463,11,1.1164
2024-09-19,0.1154,0.231,-0.1757,0.3823,1.0385,0.1154,0.231,0.7188,0.4693,9.0,5,1,-0.1024,0.1662,0.4444,9,4,0.1154,9,0.5579999999999999
2024-09-20,0.2865,0.3453,-0.3457,0.5934,4.297,0.2865,0.3453,0.8672,0.4957,15.0,11,3,0.3909,0.2552,0.1333,15,8,0.2865,15,0.9391
2024-09-23,0.1719,0.1875,-0.0498,0.434,0.8593,0.1719,0.1875,0.7726,0.4069,5.0,2,0,0.0326,0.1778,0.4,5,2,0.1719,5,0.4838
2024-09-24,0.1536,0.3492,-0.5215,0.6098,3.6855,0.1536,0.3492,0.7725,0.4516,24.0,14,5,0.0127,0.4301,0.204,24,9,0.1536,24,1.1313
2024-09-25,0.3263,0.2841,-0.1615,0.5963,3.9158,0.3263,0.2841,0.8344,0.4818,12.0,8,1,0.4558,0.2422,0.1667,12,7,0.3263,12,0.7578
2024-09-26,0.2209,0.3168,-0.3074,0.5967,4.1967,0.2209,0.3168,0.8299,0.4979,19.0,11,4,0.1778,0.4231,0.1579,19,7,0.2209,19,0.9041
2024-09-27,0.16,0.2431,-0.2439,0.5148,2.5599,0.16,0.2431,0.8155,0.533,16.0,9,2,0.1408,0.2459,0.1346,16,7,0.16,16,0.7587
2024-09-30,0.3881,0.3214,-0.1611,0.6894,2.7164,0.3881,0.3214,0.7533,0.5626,7.0,5,1,0.4179,0.0385,0.5714,7,4,0.3881,7,0.8505
2024-10-01,0.0026,0.3882,-0.5797,0.5132,0.0393,0.0026,0.3882,0.8253,0.5257,15.0,6,8,-0.0898,-0.2624,0.3333,15,-2,0.0026,15,1.0929
2024-10-02,0.0953,0.4371,-0.2138,0.4044,0.1906,0.0953,0.4371,0.8691,0.8442,2.0,1,1,0.379,-0.4712,0.0,2,0,0.0953,2,0.6182
2024-10-03,0.1884,0.2632,-0.2042,0.4545,1.8842,0.1884,0.2632,0.8464,0.6324,10.0,5,2,0.0825,0.1358,0.4,10,3,0.1884,10,0.6587000000000001
2024-10-04,-0.0579,0.3294,-0.535,0.4489,-0.81,-0.0579,0.3294,0.7407,0.4632,14.0,4,7,-0.0502,-0.271,0.0714,14,-3,0.0579,14,0.9839
2024-10-07,0.2397,0.2819,-0.1928,0.5253,3.5957,0.2397,0.2819,0.7425,0.4848,15.0,8,2,0.2569,0.2562,0.2,15,6,0.2397,15,0.7181
2024-10-08,0.1559,0.3057,-0.5183,0.5162,3.273,0.1559,0.3057,0.8879,0.401,21.0,10,3,0.205,0.0526,0.1429,21,7,0.1559,21,1.0345
2024-10-09,0.291,0.2979,-0.5551,0.5663,4.0736,0.291,0.2979,0.9034,0.5881,14.0,12,1,0.352,0.0391,0.3571,14,11,0.291,14,1.1214
2024-10-10,0.2037,0.2183,-0.1214,0.4996,3.2587,0.2037,0.2183,0.8109,0.4632,16.0,8,0,0.2053,-0.0573,0.375,16,8,0.2037,16,0.621
2024-10-11,-0.1304,0.2362,-0.3569,0.434,-1.1735,-0.1304,0.2362,0.8331,0.7325,9.0,1,5,-0.4427,0.1216,0.2222,9,-4,0.1304,9,0.7908999999999999
2024-10-14,0.2428,0.1263,0.1528,0.4769,1.4565,0.2428,0.1263,0.8097,0.6383,6.0,6,0,0.0774,0.3535,0.4444,6,6,0.2428,6,0.3241
2024-10-15,0.3217,0.1545,0.0114,0.5147,3.5385,0.3217,0.1545,0.8712,0.7738,11.0,10,0,0.5779,-0.109,0.1818,11,10,0.3217,11,0.5033000000000001
2024-10-16,-0.0006,0.3042,-0.3929,0.5096,-0.0061,-0.0006,0.3042,0.7968,0.52,10.0,2,3,-0.1874,0.4654,0.0,10,-1,0.0006,10,0.9025000000000001
2024-10-17,0.3096,0.3125,-0.3147,0.6041,4.0252,0.3096,0.3125,0.8013,0.5085,13.0,8,1,0.3589,0.4201,0.1538,13,7,0.3096,13,0.9188
2024-10-18,0.1237,0.3955,-0.556,0.7403,2.7216,0.1237,0.3955,0.7837,0.4681,22.0,11,6,0.1196,0.0468,0.1818,22,5,0.1237,22,1.2963
2024-10-21,0.1027,0.3603,-0.5899,0.594,2.361,0.1027,0.3603,0.8277,0.4913,23.0,10,7,0.0441,0.2727,0.087,23,3,0.1027,23,1.1839
2024-10-22,0.0958,0.3407,-0.4064,0.5363,1.0534,0.0958,0.3407,0.8199,0.5845,11.0,5,3,0.066,0.2208,0.062,11,2,0.0958,11,0.9427
2024-10-23,0.0221,0.3758,-0.3082,0.621,0.2209,0.0221,0.3758,0.8904,0.5091,10.0,3,6,-0.1874,0.2791,0.2,10,-3,0.0221,10,0.9292
2024-10-24,0.2659,0.392,-0.4801,0.6109,2.6593,0.2659,0.392,0.8643,0.5401,10.0,6,2,0.3055,0.416,0.1,10,4,0.2659,10,1.091
2024-10-25,-0.0456,0.3904,-0.3216,0.2305,-0.0911,-0.0456,0.3904,0.7216,0.511,2.0,1,1,-0.6827,0.729,0.5,2,0,0.0456,2,0.5521
2024-10-28,0.0634,0.2753,-0.5585,0.5754,1.8385,0.0634,0.2753,0.823,0.5004,29.0,9,6,-0.0296,0.1323,0.1724,29,3,0.0634,29,1.1339000000000001
2024-10-29,0.1663,0.3693,-0.3479,0.5863,1.6627,0.1663,0.3693,0.7625,0.5403,10.0,5,3,0.2511,0.3535,-0.1,10,2,0.1663,10,0.9342
2024-10-30,0.0473,0.3311,-0.486,0.5012,0.6154,0.0473,0.3311,0.794,0.5404,13.0,6,5,0.0558,-0.0181,0.0769,13,1,0.0473,13,0.9872
2024-10-31,-0.0026,0.2438,-0.5,0.2727,-0.0235,-0.0026,0.2438,0.7378,0.4938,9.0,2,2,-0.3311,0.3147,0.3333,9,0,0.0026,9,0.7726999999999999
2024-11-04,-0.0208,0.4344,-0.4828,0.5471,-0.1664,-0.0208,0.4344,0.843,0.6233,8.0,3,4,-0.0905,0.1222,0.0,8,-1,0.0208,8,1.0299
2024-11-05,0.0396,0.3118,-0.5932,0.401,0.2773,0.0396,0.3118,0.7655,0.5808,7.0,2,1,0.133,-0.3487,0.1429,7,1,0.0396,7,0.9942
2024-11-06,0.2372,0.1945,-0.1516,0.4703,3.7954,0.2372,0.1945,0.8412,0.5518,16.0,11,1,0.2674,0.0487,0.3125,16,10,0.2372,16,0.6219
2024-11-07,0.1088,0.3877,-0.5591,0.5054,0.7613,0.1088,0.3877,0.8367,0.4244,7.0,3,2,0.1171,0.0367,0.1429,7,1,0.1088,7,1.0645
2024-11-08,0.223,0.297,-0.3003,0.5834,4.4608,0.223,0.297,0.85,0.5176,20.0,13,3,0.195,0.3652,0.175,20,10,0.223,20,0.8837
2024-11-11,0.1531,0.3286,-0.554,0.694,2.9082,0.1531,0.3286,0.7634,0.4239,19.0,10,4,-0.0039,0.2225,0.3684,19,6,0.1531,19,1.248
2024-11-12,0.0748,0.2917,-0.3855,0.6135,0.8974,0.0748,0.2917,0.841,0.5377,12.0,5,2,0.0521,0.1007,0.0953,12,3,0.0748,12,0.9990000000000001
2024-11-13,0.1825,0.3841,-0.4649,0.6062,2.3726,0.1825,0.3841,0.8888,0.5042,13.0,6,2,0.1349,0.3116,0.1758,13,4,0.1825,13,1.0711
2024-11-14,0.0992,0.2513,-0.2552,0.4591,1.7849,0.0992,0.2513,0.7567,0.4328,18.0,7,4,-0.0141,0.4342,0.0646,18,3,0.0992,18,0.7142999999999999
2024-11-15,0.085,0.2014,-0.1375,0.3775,0.595,0.085,0.2014,0.7752,0.5456,7.0,2,0,0.0627,0.054,0.1429,7,2,0.085,7,0.515
2024-11-18,0.288,0.3554,-0.3155,0.5887,3.7435,0.288,0.3554,0.8352,0.619,13.0,9,3,0.3579,0.4296,0.0769,13,6,0.288,13,0.9042
2024-11-19,-0.03,0.1945,-0.2966,0.1264,-0.1498,-0.03,0.1945,0.8425,0.6323,5.0,0,2,-0.3397,-0.5004,0.8,5,-2,0.03,5,0.423
2024-11-20,-0.1199,0.3354,-0.5756,0.4323,-1.1992,-0.1199,0.3354,0.872,0.5896,10.0,2,5,-0.3607,0.3021,0.0,10,-3,0.1199,10,1.0079
2024-11-21,0.2996,0.566,-0.5148,0.8885,2.0969,0.2996,0.566,0.84,0.6537,7.0,4,2,0.2483,0.2341,0.4286,7,2,0.2996,7,1.4033
2024-11-22,0.0974,0.4217,-0.6252,0.5765,1.2664,0.0974,0.4217,0.8062,0.5199,13.0,6,4,0.0323,0.1756,0.1538,13,2,0.0974,13,1.2017
2024-11-25,0.0587,0.285,-0.4819,0.8939,1.1144,0.0587,0.285,0.9099,0.7696,19.0,6,3,-0.0252,0.2773,0.0526,19,3,0.0587,19,1.3758
2024-11-26,0.1373,0.275,-0.226,0.5629,1.7848,0.1373,0.275,0.8256,0.5977,13.0,5,1,0.1813,0.1106,0.0817,13,4,0.1373,13,0.7888999999999999
2024-11-27,0.0373,0.3,-0.3139,0.4891,0.3361,0.0373,0.3,0.8079,0.515,9.0,2,3,-0.4256,0.2507,0.6667,9,-1,0.0373,9,0.8029999999999999
2024-11-28,0.2667,0.3438,-0.5432,0.6084,3.2,0.2667,0.3438,0.8198,0.6128,12.0,7,1,0.3024,0.4524,0.0833,12,6,0.2667,12,1.1516000000000002
2024-11-29,0.2158,0.2882,-0.2882,0.4942,3.4535,0.2158,0.2882,0.8284,0.608,16.0,9,2,0.2028,0.3846,0.125,16,7,0.2158,16,0.7824
2024-12-02,0.293,0.3263,-0.238,0.6024,2.3439,0.293,0.3263,0.9331,0.9052,8.0,6,2,0.2213,0.3492,0.375,8,4,0.293,8,0.8404
2024-12-03,0.2862,0.13,0.1517,0.4111,0.8587,0.2862,0.13,0.8192,0.6741,3.0,3,0,0.1669,0.514,0.3333,3,3,0.2862,3,0.2594
2024-12-04,0.3025,0.306,-0.2858,0.5977,3.6301,0.3025,0.306,0.8454,0.5602,12.0,8,1,0.3409,0.5353,0.0833,12,7,0.3025,12,0.8835
2024-12-05,0.0939,0.3503,-0.398,0.434,0.5631,0.0939,0.3503,0.8175,0.6835,6.0,3,2,-0.0198,0.2689,0.1667,6,1,0.0939,6,0.8320000000000001
2024-12-06,-0.0276,0.2977,-0.4472,0.1922,-0.1106,-0.0276,0.2977,0.6455,0.5687,4.0,2,1,0.0158,-0.1776,0.0,4,1,0.0276,4,0.6394
2024-12-09,0.2751,0.3968,-0.2574,0.734,1.926,0.2751,0.3968,0.8192,0.6792,7.0,4,1,0.3116,-0.0462,0.4286,7,3,0.2751,7,0.9914000000000001
2024-12-10,0.3224,0.3018,-0.0778,0.5922,2.5791,0.3224,0.3018,0.8651,0.6825,8.0,5,0,0.2134,0.5159,0.375,8,5,0.3224,8,0.6699999999999999
2024-12-11,0.0166,0.2552,-0.293,0.4392,0.1826,0.0166,0.2552,0.7545,0.5273,11.0,4,4,-0.1462,0.1758,0.1818,11,0,0.0166,11,0.7322
2024-12-12,0.2117,0.3319,-0.3493,0.5798,4.4449,0.2117,0.3319,0.8539,0.6871,21.0,12,5,0.198,0.4204,0.0952,21,7,0.2117,21,0.9291
2024-12-13,0.0922,0.271,-0.2567,0.5054,0.6455,0.0922,0.271,0.7067,0.4712,7.0,3,2,0.0397,0.1476,0.1429,7,1,0.0922,7,0.7621
2024-12-16,0.2311,0.3481,-0.3824,0.6186,3.9285,0.2311,0.3481,0.816,0.4352,17.0,10,3,0.3139,0.1942,0.1176,17,7,0.2311,17,1.0010000000000001
2024-12-17,0.235,0.3796,-0.3724,0.6013,3.29,0.235,0.3796,0.8243,0.4699,14.0,9,3,0.0958,0.3997,0.3571,14,6,0.235,14,0.9737
2024-12-18,-0.1857,0.3048,-0.5172,0.0824,-0.557,-0.1857,0.3048,0.8367,0.5919,3.0,0,1,-0.1061,-0.1632,-0.3333,3,-1,0.1857,3,0.5996
2024-12-19,0.0613,0.2892,-0.4789,0.4479,0.6129,0.0613,0.2892,0.8444,0.6938,10.0,5,2,-0.1638,0.1159,0.4,10,3,0.0613,10,0.9268000000000001
2024-12-20,-0.0774,0.3934,-0.5363,0.7111,-0.5418,-0.0774,0.3934,0.7538,0.5515,7.0,1,4,-0.3774,0.128,0.2857,7,-3,0.0774,7,1.2473999999999998
2024-12-23,0.0283,0.2366,-0.305,0.2243,0.1983,0.0283,0.2366,0.7341,0.5067,7.0,4,2,-0.2688,-0.2578,0.7143,7,2,0.0283,7,0.5293
2024-12-24,0.2423,0.2694,-0.1759,0.4999,1.2116,0.2423,0.2694,0.8316,0.6812,5.0,4,1,0.3084,0.1406,0.2,5,3,0.2423,5,0.6758
2024-12-25,-0.1484,,-0.1484,-0.1484,-0.1484,-0.1484,,0.8609,0.8609,1.0,0,0,-0.8121,-0.212,1.0,1,0,0.1484,1,0.0
2024-12-26,-0.1156,0.3487,-0.3209,0.4039,-0.4624,-0.1156,0.3487,0.8037,0.5002,4.0,1,3,-0.5218,0.3765,0.2333,4,-2,0.1156,4,0.7248
2024-12-27,0.0998,0.2683,-0.408,0.4068,0.7984,0.0998,0.2683,0.8855,0.6804,8.0,3,1,0.1119,0.0318,0.125,8,2,0.0998,8,0.8148
2024-12-30,0.1353,0.1097,0.0108,0.2177,0.406,0.1353,0.1097,0.5078,0.4107,3.0,2,0,-0.0586,0.3232,0.3333,3,2,0.1353,3,0.2069
2024-12-31,0.0506,0.3089,-0.1698,0.4898,0.2532,0.0506,0.3089,0.7497,0.4796,5.0,2,3,-0.2177,0.4974,0.2,5,-1,0.0506,5,0.6596
2025-01-01,0.2731,0.2104,0.0491,0.4546,1.0925,0.2731,0.2104,0.8552,0.691,4.0,2,0,0.077,0.4232,0.5,4,2,0.2731,4,0.4055
2025-01-02,0.006,0.4409,-0.4208,0.607,0.0419,0.006,0.4409,0.8915,0.7057,7.0,2,3,-0.2742,0.5013,0.1429,7,-1,0.006,7,1.0278
2025-01-03,-0.1446,0.1381,-0.2529,0.0109,-0.4339,-0.1446,0.1381,0.8801,0.792,3.0,0,2,-0.5332,-0.3903,0.6667,3,-2,0.1446,3,0.26380000000000003
2025-01-06,0.0331,0.2517,-0.3535,0.3221,0.2314,0.0331,0.2517,0.6462,0.4609,7.0,2,2,-0.2297,0.3111,0.2857,7,0,0.0331,7,0.6756
2025-01-07,-0.1184,0.3646,-0.5038,0.7707,-1.6575,-0.1184,0.3646,0.8491,0.5802,14.0,3,8,-0.3832,0.2165,0.0997,14,-5,0.1184,14,1.2745000000000002
2025-01-08,0.3038,0.3382,-0.2627,0.5954,2.1266,0.3038,0.3382,0.8973,0.8134,7.0,5,1,0.1809,0.6382,0.2857,7,4,0.3038,7,0.8581000000000001
2025-01-09,0.1848,0.3572,-0.324,0.5126,1.1088,0.1848,0.3572,0.8464,0.5889,6.0,3,1,0.2443,0.0354,0.1852,6,2,0.1848,6,0.8366
2025-01-10,-0.1622,0.2625,-0.5436,0.279,-2.1083,-0.1622,0.2625,0.7545,0.4615,13.0,1,7,-0.4359,-0.0673,0.2308,13,-6,0.1622,13,0.8226
2025-01-13,0.3485,0.2858,-0.2745,0.5954,3.8339,0.3485,0.2858,0.8094,0.4109,11.0,8,1,0.3616,0.4295,0.2727,11,7,0.3485,11,0.8699000000000001
2025-01-14,0.1909,0.3604,-0.3086,0.5918,1.5273,0.1909,0.3604,0.8756,0.6609,8.0,4,1,0.2181,0.6086,-0.1328,8,3,0.1909,8,0.9004
2025-01-15,0.3959,0.2226,-0.0514,0.5799,4.3549,0.3959,0.2226,0.9047,0.8599,11.0,9,0,0.5084,0.4359,0.1818,11,9,0.3959,11,0.6313
2025-01-16,0.1686,0.392,-0.3233,0.5824,1.1805,0.1686,0.392,0.9037,0.7596,7.0,3,2,0.0062,0.1849,0.4286,7,1,0.1686,7,0.9057
2025-01-17,-0.012,0.2975,-0.3096,0.434,-0.0837,-0.012,0.2975,0.848,0.7141,7.0,2,3,-0.4268,0.3642,0.4286,7,-1,0.012,7,0.7436
2025-01-20,0.2758,0.2087,-0.1585,0.4737,2.4818,0.2758,0.2087,0.8039,0.4953,9.0,7,1,0.2852,0.1659,0.3333,9,6,0.2758,9,0.6322
2025-01-21,0.107,0.3577,-0.4102,0.5146,0.8557,0.107,0.3577,0.8521,0.6168,8.0,5,3,-0.1212,0.2754,0.375,8,2,0.107,8,0.9248
2025-01-22,0.0686,0.3126,-0.2759,0.5831,0.5491,0.0686,0.3126,0.8127,0.6158,8.0,3,2,-0.1691,0.3908,0.25,8,1,0.0686,8,0.859
2025-01-23,-0.2214,0.1897,-0.373,0.0869,-1.5498,-0.2214,0.1897,0.9092,0.784,7.0,0,4,-0.6214,0.018,0.2857,7,-4,0.2214,7,0.4599
2025-01-24,-0.032,0.1742,-0.2066,0.2481,-0.3197,-0.032,0.1742,0.7033,0.5033,10.0,2,3,-0.5118,0.3696,0.5,10,-1,0.032,10,0.4547
2025-01-27,0.0736,0.1924,-0.1317,0.434,0.6625,0.0736,0.1924,0.8284,0.5433,9.0,3,0,-0.0925,0.0993,0.3333,9,3,0.0736,9,0.5657
2025-01-28,0.1223,0.2235,-0.2788,0.434,0.8564,0.1223,0.2235,0.6531,0.4809,7.0,4,1,0.1863,-0.0684,0.1429,7,3,0.1223,7,0.7128
2025-01-29,0.1346,0.3677,-0.4081,0.586,1.884,0.1346,0.3677,0.7955,0.6198,14.0,6,4,0.0049,0.2322,0.2857,14,2,0.1346,14,0.9941
2025-01-30,0.0253,0.343,-0.56,0.5342,0.5571,0.0253,0.343,0.7814,0.5267,22.0,6,8,-0.1903,0.0642,0.3587,22,-2,0.0253,22,1.0942
2025-01-31,0.1469,0.2977,-0.2412,0.6025,1.1754,0.1469,0.2977,0.8154,0.5153,8.0,3,1,-0.1478,0.1665,0.625,8,2,0.1469,8,0.8437
2025-02-03,0.0901,0.1847,-0.1117,0.4261,0.9909,0.0901,0.1847,0.7948,0.5016,11.0,4,0,-0.1816,-0.0502,0.6364,11,4,0.0901,11,0.5378
2025-02-04,0.3501,0.2893,-0.1461,0.7601,4.9019,0.3501,0.2893,0.8491,0.521,14.0,9,0,0.3001,0.1432,0.5714,14,9,0.3501,14,0.9062
2025-02-05,0.0331,0.2757,-0.2975,0.4792,0.2646,0.0331,0.2757,0.8005,0.6112,8.0,2,2,-0.1614,-0.1685,0.4917,8,0,0.0331,8,0.7767
2025-02-06,0.0401,0.1272,-0.0499,0.13,0.0801,0.0401,0.1272,0.8398,0.7056,2.0,0,0,-0.0923,-0.3189,0.5,2,0,0.0401,2,0.1799
2025-02-07,0.1334,0.3563,-0.478,0.7456,0.9339,0.1334,0.3563,0.8329,0.5026,7.0,4,1,-0.0897,-0.0399,0.6209,7,3,0.1334,7,1.2236
2025-02-10,0.1212,0.2762,-0.2416,0.5182,1.8174,0.1212,0.2762,0.7756,0.583,15.0,6,3,0.0178,-0.0692,0.4204,15,3,0.1212,15,0.7598
2025-02-11,0.0958,0.1337,-0.1652,0.2547,0.8625,0.0958,0.1337,0.7697,0.459,9.0,3,1,-0.1986,0.309,0.4444,9,2,0.0958,9,0.4199
2025-02-12,0.2028,0.3575,-0.2851,0.6021,2.8398,0.2028,0.3575,0.8978,0.6965,14.0,7,4,0.1707,0.266,0.2143,14,3,0.2028,14,0.8872
2025-02-13,0.2881,0.2677,-0.0935,0.6095,2.3048,0.2881,0.2677,0.7967,0.4932,8.0,5,0,0.1701,0.4529,0.375,8,5,0.2881,8,0.7030000000000001
2025-02-14,0.1784,0.2929,-0.3672,0.53,2.141,0.1784,0.2929,0.8097,0.4476,12.0,7,2,-0.0175,0.1858,0.5,12,5,0.1784,12,0.8972
2025-02-17,0.2554,0.3545,-0.281,0.5841,2.5537,0.2554,0.3545,0.873,0.7723,10.0,7,3,0.321,0.4045,0.0467,10,4,0.2554,10,0.8651
2025-02-18,-0.0164,0.3,-0.4119,0.5516,-0.148,-0.0164,0.3,0.7565,0.4848,9.0,2,3,-0.3557,0.307,0.3333,9,-1,0.0164,9,0.9635
2025-02-19,0.1806,0.3171,-0.3252,0.5786,3.9725,0.1806,0.3171,0.7973,0.6036,22.0,12,4,0.1845,0.2701,0.1144,22,8,0.1806,22,0.9037999999999999
2025-02-20,0.0701,0.2522,-0.327,0.415,0.4204,0.0701,0.2522,0.8215,0.691,6.0,2,1,-0.0291,-0.17,0.3954,6,1,0.0701,6,0.742
2025-02-21,-0.1649,0.2774,-0.3622,0.2965,-0.9895,-0.1649,0.2774,0.7969,0.6933,6.0,1,4,-0.6502,0.3008,0.3333,6,-3,0.1649,6,0.6587000000000001
2025-02-24,0.1833,0.2933,-0.3108,0.575,3.4832,0.1833,0.2933,0.7932,0.5483,19.0,9,2,0.1814,-0.0105,0.3158,19,7,0.1833,19,0.8857999999999999
2025-02-25,0.0571,0.2783,-0.4532,0.3213,0.3994,0.0571,0.2783,0.7969,0.6382,7.0,3,2,0.051,0.151,0.0046,7,1,0.0571,7,0.7745
2025-02-26,0.2622,0.3191,-0.3222,0.4994,1.5734,0.2622,0.3191,0.8305,0.7148,6.0,4,1,0.1202,0.5106,0.3333,6,3,0.2622,6,0.8216
2025-02-27,0.0847,0.4286,-0.5201,0.6038,0.8466,0.0847,0.4286,0.9006,0.6926,10.0,4,3,0.1414,0.0699,0.0,10,1,0.0847,10,1.1239
2025-02-28,0.15,0.2326,-0.3135,0.4456,1.6502,0.15,0.2326,0.9357,0.8674,11.0,4,1,-0.0681,0.0602,0.5734,11,3,0.15,11,0.7591
2025-03-03,0.2407,0.3982,-0.576,0.5991,2.889,0.2407,0.3982,0.8841,0.5337,12.0,7,2,0.2344,0.3678,0.1667,12,5,0.2407,12,1.1751
2025-03-04,0.1173,0.2948,-0.3334,0.734,1.8772,0.1173,0.2948,0.8188,0.4891,16.0,6,2,-0.157,-0.1459,0.75,16,4,0.1173,16,1.0674
2025-03-05,0.2565,0.2775,-0.2844,0.5905,3.8476,0.2565,0.2775,0.8865,0.7169,15.0,10,1,0.3025,0.0263,0.3333,15,9,0.2565,15,0.8749
2025-03-06,0.077,0.3497,-0.4082,0.6151,0.6931,0.077,0.3497,0.6943,0.5453,9.0,4,4,-0.191,0.3441,0.3457,9,0,0.077,9,1.0232999999999999
2025-03-07,-0.0932,0.2898,-0.6346,0.2701,-0.6527,-0.0932,0.2898,0.7709,0.5643,7.0,1,2,-0.4296,-0.0351,0.4286,7,-1,0.0932,7,0.9047000000000001
2025-03-10,0.0475,0.3017,-0.4268,0.4165,0.3322,0.0475,0.3017,0.692,0.4712,7.0,3,2,0.0545,-0.1133,0.1429,7,1,0.0475,7,0.8432999999999999
2025-03-11,-0.1655,0.2799,-0.4497,0.3123,-0.9927,-0.1655,0.2799,0.919,0.8112,6.0,1,4,-0.4039,-0.1899,0.2482,6,-3,0.1655,6,0.762
2025-03-12,0.0104,0.2289,-0.2341,0.434,0.0939,0.0104,0.2289,0.7052,0.38,9.0,2,3,-0.357,0.1114,0.5556,9,-1,0.0104,9,0.6681
2025-03-13,-0.0995,0.1963,-0.3089,0.3647,-1.2935,-0.0995,0.1963,0.8727,0.7227,13.0,1,5,-0.6292,0.3833,0.4615,13,-4,0.0995,13,0.6736
2025-03-14,0.0438,0.24,-0.2954,0.3254,0.3506,0.0438,0.24,0.8478,0.6513,8.0,3,2,-0.155,0.044,0.375,8,1,0.0438,8,0.6208
2025-03-17,0.1504,0.4214,-0.3434,0.5921,1.8046,0.1504,0.4214,0.8614,0.6055,12.0,6,6,0.1087,0.4176,0.0417,12,0,0.1504,12,0.9355
2025-03-18,0.0522,0.3155,-0.334,0.5954,0.7836,0.0522,0.3155,0.8261,0.6137,15.0,5,6,-0.2748,0.4371,0.3407,15,-1,0.0522,15,0.9294
2025-03-19,0.3333,0.2607,-0.1834,0.6023,6.6659,0.3333,0.2607,0.8425,0.5261,20.0,15,1,0.3588,0.3196,0.3,20,14,0.3333,20,0.7857
2025-03-20,0.2108,0.2699,-0.2865,0.5546,3.1625,0.2108,0.2699,0.7517,0.5495,15.0,10,2,0.1876,0.0853,0.3333,15,8,0.2108,15,0.8411
2025-03-21,0.1634,0.2411,-0.1479,0.5699,1.7974,0.1634,0.2411,0.8974,0.7636,11.0,5,0,0.0674,0.3756,0.1818,11,5,0.1634,11,0.7178
2025-03-24,0.0392,0.3371,-0.3474,0.6185,0.5091,0.0392,0.3371,0.817,0.5037,13.0,4,5,-0.117,0.3191,0.1128,13,-1,0.0392,13,0.9659
2025-03-25,0.2037,0.3884,-0.3576,0.5922,2.4449,0.2037,0.3884,0.8179,0.5097,12.0,8,4,0.2311,0.441,0.0,12,4,0.2037,12,0.9498
2025-03-26,0.2618,0.3177,-0.2582,0.734,3.6653,0.2618,0.3177,0.8492,0.5262,14.0,9,2,0.2962,0.2472,0.2143,14,7,0.2618,14,0.9922
2025-03-27,0.1406,0.3411,-0.4407,0.734,2.2489,0.1406,0.3411,0.7679,0.3715,16.0,7,4,0.055,-0.0075,0.3819,16,3,0.1406,16,1.1747
2025-03-28,0.0318,0.3342,-0.3452,0.4466,0.2863,0.0318,0.3342,0.7982,0.5469,9.0,4,4,-0.0073,0.1148,0.0417,9,0,0.0318,9,0.7918000000000001
2025-03-31,0.2409,0.378,-0.3669,0.5919,1.686,0.2409,0.378,0.8631,0.798,7.0,4,1,0.039,0.6781,0.2857,7,3,0.2409,7,0.9588
2025-04-01,0.2359,0.3634,-0.4842,0.734,2.3594,0.2359,0.3634,0.8179,0.6733,10.0,6,1,0.1915,0.1009,0.4,10,5,0.2359,10,1.2182
2025-04-02,-0.0434,0.3309,-0.314,0.7121,-0.4772,-0.0434,0.3309,0.7892,0.5143,11.0,2,6,-0.3689,0.0235,0.4545,11,-4,0.0434,11,1.0261
2025-04-03,0.0867,0.1608,-0.1582,0.4628,1.0401,0.0867,0.1608,0.7839,0.5198,12.0,4,1,-0.2182,-0.1463,0.75,12,3,0.0867,12,0.621
2025-04-04,0.0187,0.2328,-0.4382,0.5737,0.4495,0.0187,0.2328,0.8996,0.7654,24.0,5,5,-0.213,-0.0872,0.4756,24,0,0.0187,24,1.0119
2025-04-07,0.1727,0.3069,-0.4329,0.5994,3.9726,0.1727,0.3069,0.8102,0.5118,23.0,13,3,0.1957,-0.0169,0.2609,23,10,0.1727,23,1.0323
2025-04-08,0.0273,0.2669,-0.2912,0.4571,0.2454,0.0273,0.2669,0.907,0.7304,9.0,2,3,-0.1729,-0.0981,0.4444,9,-1,0.0273,9,0.7483
2025-04-09,0.1599,0.2467,-0.3479,0.6193,4.6369,0.1599,0.2467,0.8045,0.4297,29.0,12,2,-0.0102,-0.0543,0.5862,29,10,0.1599,29,0.9672
2025-04-10,0.0412,0.1549,-0.2506,0.3555,1.0307,0.0412,0.1549,0.7433,0.3863,25.0,5,4,-0.251,-0.0024,0.5573,25,1,0.0412,25,0.6061
2025-04-11,0.0378,0.3325,-0.5086,0.5664,0.907,0.0378,0.3325,0.7719,0.4003,24.0,9,10,-0.0446,0.0505,0.1667,24,-1,0.0378,24,1.0750000000000002
2025-04-14,0.2373,0.2382,-0.0548,0.6459,1.4238,0.2373,0.2382,0.6845,0.5266,6.0,3,0,0.0567,0.2947,0.5,6,3,0.2373,6,0.7007
2025-04-15,0.0572,0.332,-0.4475,0.4817,0.6292,0.0572,0.332,0.8162,0.4925,11.0,4,3,-0.0508,0.2767,0.0909,11,1,0.0572,11,0.9292
2025-04-16,0.2496,0.2471,-0.2713,0.6092,7.2392,0.2496,0.2471,0.7892,0.5187,29.0,19,1,0.2215,0.2288,0.3103,29,18,0.2496,29,0.8805
2025-04-17,0.0233,0.2701,-0.3471,0.4609,0.3496,0.0233,0.2701,0.7705,0.4897,15.0,4,5,-0.0071,-0.0271,0.1075,15,-1,0.0233,15,0.808
2025-04-18,0.5117,,0.5117,0.5117,0.5117,0.5117,,0.5778,0.5778,1.0,1,0,0.1686,0.6369,1.0,1,1,0.5117,1,0.0
2025-04-21,0.0992,0.328,-0.4661,0.5906,2.578,0.0992,0.328,0.8055,0.5011,26.0,11,8,-0.0045,0.2762,0.1538,26,3,0.0992,26,1.0567
2025-04-22,0.0927,0.2906,-0.3225,0.4547,0.9272,0.0927,0.2906,0.7495,0.5028,10.0,4,3,0.0337,0.0794,0.2,10,1,0.0927,10,0.7772
2025-04-23,0.1944,0.2312,-0.1451,0.5621,5.442,0.1944,0.2312,0.8193,0.4497,28.0,13,0,0.2262,0.192,0.1429,28,13,0.1944,28,0.7072
2025-04-24,0.259,0.1941,-0.0025,0.4576,2.0724,0.259,0.1941,0.8325,0.4718,8.0,5,0,0.2475,-0.0735,0.5,8,5,0.259,8,0.4601
2025-04-25,0.208,0.2686,-0.287,0.5418,3.5365,0.208,0.2686,0.731,0.5736,17.0,11,2,0.1825,0.0545,0.3529,17,9,0.208,17,0.8288
2025-04-28,0.3015,0.4307,-0.6243,0.5856,2.4122,0.3015,0.4307,0.8985,0.7979,8.0,6,1,0.3803,0.3693,0.125,8,5,0.3015,8,1.2099
2025-04-29,0.1105,0.3386,-0.6656,0.6113,1.7672,0.1105,0.3386,0.8484,0.6628,16.0,7,4,0.1706,-0.0617,0.125,16,3,0.1105,16,1.2769
2025-04-30,0.1684,0.3142,-0.4802,0.6025,2.0205,0.1684,0.3142,0.9163,0.7378,12.0,6,1,0.1525,0.0856,0.25,12,5,0.1684,12,1.0827
2025-05-01,-0.0231,0.3372,-0.5303,0.4541,-0.2771,-0.0231,0.3372,0.8564,0.6005,12.0,5,5,0.0485,-0.2366,0.0,12,0,0.0231,12,0.9843999999999999
2025-05-02,0.0016,0.2899,-0.3117,0.5142,0.0358,0.0016,0.2899,0.8307,0.4297,22.0,6,9,-0.3234,0.4076,0.2727,22,-3,0.0016,22,0.8259
2025-05-05,-0.1449,0.2803,-0.5593,0.3765,-1.4491,-0.1449,0.2803,0.9212,0.8706,10.0,1,5,-0.1817,-0.2703,0.0,10,-4,0.1449,10,0.9358
2025-05-06,-0.1673,0.2516,-0.5371,0.3829,-1.8406,-0.1673,0.2516,0.8708,0.5425,11.0,1,5,-0.3638,-0.3363,0.2727,11,-4,0.1673,11,0.92
2025-05-07,0.0578,0.2641,-0.2895,0.4299,0.8088,0.0578,0.2641,0.8837,0.6237,14.0,4,5,-0.0409,-0.0373,0.2857,14,-1,0.0578,14,0.7194
2025-05-08,-0.1505,0.2713,-0.5343,0.3849,-2.7083,-0.1505,0.2713,0.7684,0.4734,18.0,3,10,-0.4392,-0.1542,0.3333,18,-7,0.1505,18,0.9192
2025-05-09,0.1909,0.3997,-0.4329,0.6126,2.1004,0.1909,0.3997,0.9126,0.8081,11.0,7,2,0.1606,0.2804,0.1818,11,5,0.1909,11,1.0455
2025-05-12,0.0752,0.3058,-0.3939,0.5526,1.5796,0.0752,0.3058,0.7978,0.5295,21.0,7,5,-0.2235,0.4348,0.3333,21,2,0.0752,21,0.9464999999999999
2025-05-13,-0.035,0.3323,-0.4362,0.2803,-0.2101,-0.035,0.3323,0.836,0.539,6.0,3,2,-0.3416,-0.071,0.5,6,1,0.035,6,0.7164999999999999
2025-05-14,0.0861,0.2264,-0.4061,0.3768,0.8607,0.0861,0.2264,0.8679,0.5476,10.0,3,1,-0.0492,0.2534,0.2,10,2,0.0861,10,0.7829
2025-05-15,0.0479,0.3247,-0.6048,0.5441,0.9105,0.0479,0.3247,0.8005,0.5158,19.0,6,3,0.1179,-0.2173,0.108,19,3,0.0479,19,1.1489
2025-05-16,0.2006,0.2594,-0.1677,0.5404,2.207,0.2006,0.2594,0.8901,0.676,11.0,6,1,0.1727,0.0259,0.3636,11,5,0.2006,11,0.7081
2025-05-19,0.0123,0.3579,-0.5048,0.6003,0.185,0.0123,0.3579,0.8281,0.4811,15.0,5,4,0.0182,-0.0838,0.0667,15,1,0.0123,15,1.1051
2025-05-20,0.1803,0.26,-0.2732,0.4369,2.8855,0.1803,0.26,0.7619,0.4817,16.0,10,3,0.1663,0.2047,0.1875,16,7,0.1803,16,0.7101
2025-05-21,-0.1487,0.1636,-0.4507,0.082,-1.1894,-0.1487,0.1636,0.7367,0.4781,8.0,0,4,-0.4452,0.1821,0.125,8,-4,0.1487,8,0.5327
2025-05-22,0.1243,0.3105,-0.5101,0.5912,2.7337,0.1243,0.3105,0.8456,0.4641,22.0,10,5,0.098,0.1035,0.1818,22,5,0.1243,22,1.1013
2025-05-23,0.095,0.2525,-0.3525,0.5177,1.8044,0.095,0.2525,0.8118,0.4679,19.0,7,2,0.0201,0.4245,0.0,19,5,0.095,19,0.8702000000000001
2025-05-26,0.2278,0.4,-0.3568,0.851,4.5558,0.2278,0.4,0.8267,0.4368,20.0,11,4,0.2541,0.3537,0.1,20,7,0.2278,20,1.2078
2025-05-27,0.0258,0.3258,-0.5541,0.4455,0.5676,0.0258,0.3258,0.7968,0.4907,22.0,10,7,-0.2103,0.1855,0.3128,22,3,0.0258,22,0.9996
2025-05-28,0.0222,0.2553,-0.3465,0.418,0.4217,0.0222,0.2553,0.7264,0.4112,19.0,6,6,-0.0459,-0.0111,0.1579,19,0,0.0222,19,0.7645
2025-05-29,0.0452,0.3523,-0.5142,0.8019,0.9485,0.0452,0.3523,0.8843,0.6195,21.0,8,8,-0.0506,-0.1476,0.3333,21,0,0.0452,21,1.3161
2025-05-30,0.1451,0.3143,-0.4502,0.6036,2.1768,0.1451,0.3143,0.8257,0.4086,15.0,6,3,0.1666,0.0091,0.2,15,3,0.1451,15,1.0538
2025-06-02,0.0607,0.372,-0.5084,0.6027,0.8493,0.0607,0.372,0.7878,0.4891,14.0,6,5,-0.0738,-0.0478,0.3571,14,1,0.0607,14,1.1111
2025-06-03,0.0329,0.2663,-0.3361,0.5793,0.3294,0.0329,0.2663,0.8457,0.5532,10.0,3,1,-0.1407,0.0498,0.3111,10,2,0.0329,10,0.9154
2025-06-04,0.142,0.2899,-0.3048,0.6664,1.9882,0.142,0.2899,0.7676,0.4793,14.0,6,1,0.0325,0.0931,0.3571,14,5,0.142,14,0.9712000000000001
2025-06-05,-0.0433,0.3287,-0.465,0.5157,-1.5586,-0.0433,0.3287,0.7937,0.4964,36.0,12,18,-0.1987,0.1135,0.1111,36,-6,0.0433,36,0.9807000000000001
2025-06-06,-0.0904,0.3854,-0.6184,0.5405,-1.6281,-0.0904,0.3854,0.8418,0.4945,18.0,5,9,-0.1923,0.2733,-0.1632,18,-4,0.0904,18,1.1589
2025-06-09,0.0212,0.3256,-0.4562,0.7111,0.7216,0.0212,0.3256,0.8085,0.3554,34.0,11,14,-0.11,0.2047,0.1176,34,-3,0.0212,34,1.1673
2025-06-10,0.0667,0.2621,-0.2867,0.44,1.6679,0.0667,0.2621,0.8093,0.476,25.0,9,8,-0.1364,0.3746,0.2,25,1,0.0667,25,0.7267
2025-06-11,0.101,0.324,-0.4447,0.561,1.9195,0.101,0.324,0.8105,0.4837,19.0,8,5,0.0285,0.1182,0.2105,19,3,0.101,19,1.0057
2025-06-12,0.0804,0.3091,-0.5376,0.5044,1.9306,0.0804,0.3091,0.8022,0.4978,24.0,9,7,0.0681,0.1694,0.0417,24,2,0.0804,24,1.0419999999999998
2025-06-13,0.0227,0.296,-0.703,0.5875,0.8843,0.0227,0.296,0.7779,0.4883,39.0,13,10,0.0866,-0.2954,0.1282,39,3,0.0227,39,1.2905
2025-06-16,0.0157,0.3175,-0.6244,0.6099,0.5668,0.0157,0.3175,0.8426,0.5554,36.0,11,11,0.0247,-0.1497,0.1111,36,0,0.0157,36,1.2343
2025-06-17,-0.1222,0.2823,-0.4171,0.4531,-2.4437,-0.1222,0.2823,0.8435,0.5943,20.0,3,13,-0.2802,-0.0194,0.0727,20,-10,0.1222,20,0.8702000000000001
2025-06-18,-0.1149,0.2868,-0.4283,0.4535,-1.9541,-0.1149,0.2868,0.804,0.5182,17.0,5,10,-0.3961,0.1509,0.1765,17,-5,0.1149,17,0.8818
2025-06-19,0.1735,0.2784,-0.3556,0.6237,2.7762,0.1735,0.2784,0.7565,0.4229,16.0,6,1,0.1996,-0.1002,0.3125,16,5,0.1735,16,0.9793000000000001
2025-06-20,0.1599,0.2169,-0.1862,0.434,2.3982,0.1599,0.2169,0.8649,0.6328,15.0,8,3,0.2329,-0.2829,0.3333,15,5,0.1599,15,0.6202
2025-06-23,0.1008,0.3886,-0.4746,0.6015,2.4193,0.1008,0.3886,0.7951,0.497,24.0,10,9,0.1515,-0.0623,0.125,24,1,0.1008,24,1.0761
2025-06-24,0.0523,0.3069,-0.5052,0.5117,1.0989,0.0523,0.3069,0.8437,0.5218,21.0,11,5,-0.0614,-0.085,0.3333,21,6,0.0523,21,1.0169000000000001
2025-06-25,0.1462,0.3748,-0.5719,0.6042,2.4861,0.1462,0.3748,0.8748,0.6741,17.0,8,5,0.1959,0.065,0.1176,17,3,0.1462,17,1.1761
2025-06-26,0.1346,0.2955,-0.4284,0.5876,2.0196,0.1346,0.2955,0.8072,0.5874,15.0,7,3,0.0666,0.0067,0.3333,15,4,0.1346,15,1.016
2025-06-27,0.1401,0.2439,-0.1875,0.5782,2.1016,0.1401,0.2439,0.8651,0.6469,15.0,6,1,0.0891,0.1777,0.2,15,5,0.1401,15,0.7657
2025-06-30,0.2373,0.2167,-0.0681,0.6019,3.5589,0.2373,0.2167,0.8874,0.5934,15.0,7,0,0.2868,0.1693,0.2,15,7,0.2373,15,0.6699999999999999
2025-07-01,0.0053,0.271,-0.3674,0.4609,0.0742,0.0053,0.271,0.8174,0.486,14.0,5,4,-0.322,0.2959,0.3571,14,1,0.0053,14,0.8283
2025-07-02,-0.0933,0.2651,-0.3464,0.4202,-0.7468,-0.0933,0.2651,0.83,0.5018,8.0,1,5,-0.2716,0.0247,0.125,8,-4,0.0933,8,0.7666
2025-07-03,0.0321,0.2251,-0.3618,0.4424,0.3855,0.0321,0.2251,0.7212,0.4898,12.0,3,2,-0.1649,-0.3021,0.5833,12,1,0.0321,12,0.8042
2025-07-04,0.2037,0.1505,-0.0328,0.4337,1.2223,0.2037,0.1505,0.809,0.5534,6.0,5,0,0.3135,-0.0152,0.1667,6,5,0.2037,6,0.46649999999999997
